Property_ID,Sale_Date,Property_Type,Location,Bedrooms,Area_sqft,Property_Age,Purchase_Cost,Sale_Price,Profit,Profit_Margin_Percent,Agent,Customer_Type,Payment_Mode,Status
P0001,2025-12-13,Apartment,Mumbai,4,1213,7,24298747,28256673,3957926,14.01,Priya,Corporate,Home Loan,Sold
P0002,2025-11-29,Apartment,Pune,2,1126,16,10474807,12671599,2196792,17.34,Rohit,Investor,Mixed,Sold
P0003,2025-03-21,Studio,Bengaluru,5,353,5,3081662,3927448,845786,21.54,Sneha,Family,Home Loan,Sold
P0004,2025-08-24,Apartment,Delhi,1,1385,11,16520669,18916341,2395672,12.66,Priya,Corporate,Home Loan,Sold
P0005,2025-12-05,Studio,Bengaluru,5,535,18,3480507,4746910,1266403,26.68,Sneha,Family,Home Loan,Sold
P0006,2025-07-09,Villa,Pune,3,2638,14,24033707,30448696,6414989,21.07,Neha,Investor,Bank Transfer,Sold
P0007,2025-07-14,Apartment,Kolkata,4,1000,17,4816720,6413346,1596626,24.9,Karan,Investor,Bank Transfer,Sold
P0008,2025-10-18,Apartment,Navi Mumbai,5,715,10,6429094,8776012,2346918,26.74,Neha,Investor,Mixed,Sold
P0009,2025-05-15,Row House,Chennai,2,1742,4,11971780,14482110,2510330,17.33,Rohit,Corporate,Bank Transfer,Sold
P0010,2025-03-20,Villa,Thane,3,3521,2,48964443,55414117,6449674,11.64,Amit,Corporate,Home Loan,Sold
P0011,2025-01-06,Row House,Delhi,3,2158,16,21507707,26066381,4558674,17.49,Priya,Family,Bank Transfer,Sold
P0012,2025-05-15,Apartment,Bengaluru,3,973,14,7338144,8560623,1222479,14.28,Amit,Individual,Bank Transfer,Sold
P0013,2025-09-29,Studio,Kolkata,2,428,11,2399570,2917475,517905,17.75,Rahul,Family,Mixed,Sold
P0014,2025-02-10,Apartment,Pune,2,1279,7,12216243,13775308,1559065,11.32,Priya,Corporate,Home Loan,Sold
P0015,2025-11-07,Studio,Thane,2,593,17,5902529,7195942,1293413,17.97,Rohit,Investor,Cash,Sold
P0016,2025-03-03,Penthouse,Delhi,4,4461,11,48101033,58778831,10677798,18.17,Sneha,Investor,Home Loan,Sold
P0017,2025-12-29,Penthouse,Mumbai,3,4068,7,74146430,102786108,28639678,27.86,Rahul,Investor,Home Loan,Sold
P0018,2025-10-04,Apartment,Hyderabad,1,1702,7,10662816,13127849,2465033,18.78,Amit,Corporate,Cash,Sold
P0019,2025-07-30,Row House,Delhi,2,1393,3,16219023,20600385,4381362,21.27,Pooja,Individual,Home Loan,Sold
P0020,2025-08-18,Apartment,Delhi,4,1344,3,13730553,18158752,4428199,24.39,Amit,Corporate,Cash,Sold
P0021,2025-02-20,Penthouse,Chennai,2,2108,14,16026201,18157251,2131050,11.74,Rahul,Individual,Home Loan,Sold
P0022,2025-01-31,Villa,Thane,3,3489,15,34726175,43615019,8888844,20.38,Amit,Corporate,Home Loan,Sold
P0023,2025-10-12,Row House,Bengaluru,5,2807,14,22500022,26397559,3897537,14.76,Pooja,Investor,Cash,Sold
P0024,2025-01-26,Penthouse,Navi Mumbai,1,4172,17,34651441,44448579,9797138,22.04,Pooja,Investor,Home Loan,Sold
P0025,2025-05-01,Studio,Pune,5,445,2,4786625,5642673,856048,15.17,Rohit,Individual,Cash,Sold
P0026,2025-06-11,Studio,Kolkata,1,391,13,2119599,2561781,442182,17.26,Karan,Investor,Bank Transfer,Sold
P0027,2025-02-07,Villa,Bengaluru,3,2036,20,14176277,18172998,3996721,21.99,Rahul,Corporate,Home Loan,Sold
P0028,2025-02-05,Apartment,Ahmedabad,2,1686,8,7494158,9530773,2036615,21.37,Sneha,Family,Bank Transfer,Sold
P0029,2025-12-01,Villa,Chennai,5,3725,9,29211808,32186686,2974878,9.24,Rahul,Family,Home Loan,Sold
P0030,2025-04-18,Villa,Bengaluru,1,1938,17,13310017,17206771,3896754,22.65,Neha,Investor,Bank Transfer,Sold
P0031,2025-01-23,Studio,Chennai,2,376,2,3037753,3461527,423774,12.24,Rahul,Family,Cash,Sold
P0032,2025-02-27,Penthouse,Thane,4,3609,17,40796864,49356680,8559816,17.34,Priya,Investor,Home Loan,Sold
P0033,2025-01-21,Penthouse,Kolkata,3,2406,13,10903466,14004494,3101028,22.14,Neha,Investor,Cash,Sold
P0034,2025-05-02,Apartment,Hyderabad,5,1796,13,13143854,15241005,2097151,13.76,Amit,Investor,Mixed,Sold
P0035,2025-05-08,Apartment,Thane,4,1330,13,17013686,19242504,2228818,11.58,Karan,Investor,Home Loan,Sold
P0036,2025-06-29,Row House,Mumbai,5,2163,7,44824330,50110717,5286387,10.55,Karan,Investor,Cash,Sold
P0037,2025-05-23,Apartment,Navi Mumbai,3,1322,8,16457313,18210856,1753543,9.63,Neha,Corporate,Bank Transfer,Sold
P0038,2025-02-25,Apartment,Pune,2,1015,18,9302462,12074242,2771780,22.96,Rohit,Family,Bank Transfer,Sold
P0039,2025-01-23,Row House,Kolkata,3,1436,12,7543414,9976544,2433130,24.39,Rohit,Individual,Cash,Sold
P0040,2025-03-05,Penthouse,Delhi,1,4520,10,52906034,62533460,9627426,15.4,Karan,Family,Mixed,Sold
P0041,2025-07-14,Penthouse,Delhi,4,3011,17,28000737,35005962,7005225,20.01,Amit,Family,Mixed,Sold
P0042,2025-12-02,Studio,Mumbai,2,496,6,10137033,12210394,2073361,16.98,Neha,Corporate,Mixed,Sold
P0043,2025-12-06,Row House,Navi Mumbai,3,2169,5,22732888,29373715,6640827,22.61,Neha,Individual,Cash,Sold
P0044,2025-09-01,Penthouse,Navi Mumbai,5,2615,4,23715493,30939168,7223675,23.35,Priya,Corporate,Mixed,Sold
P0045,2025-12-19,Studio,Navi Mumbai,4,546,15,4793540,6408146,1614606,25.2,Rahul,Individual,Mixed,Sold
P0046,2025-03-04,Villa,Thane,5,3621,14,33718341,43941414,10223073,23.27,Pooja,Investor,Mixed,Sold
P0047,2025-09-16,Studio,Ahmedabad,3,512,14,2619722,3058058,438336,14.33,Rohit,Corporate,Cash,Sold
P0048,2025-09-24,Row House,Chennai,2,2739,7,19505134,25243184,5738050,22.73,Pooja,Investor,Bank Transfer,Sold
P0049,2025-10-04,Row House,Pune,4,1785,7,15783372,20215789,4432417,21.93,Priya,Investor,Cash,Sold
P0050,2025-10-05,Villa,Delhi,4,2125,6,21383172,26814642,5431470,20.26,Pooja,Corporate,Home Loan,Sold
P0051,2025-07-14,Villa,Delhi,3,3892,0,53163087,61427339,8264252,13.45,Pooja,Individual,Bank Transfer,Sold
P0052,2025-11-05,Penthouse,Delhi,5,3516,17,38624306,46887522,8263216,17.62,Sneha,Corporate,Cash,Sold
P0053,2025-07-27,Penthouse,Delhi,3,1918,12,20789670,24486179,3696509,15.1,Amit,Corporate,Cash,Sold
P0054,2025-11-26,Studio,Ahmedabad,1,551,18,2276861,3139851,862990,27.49,Rohit,Investor,Mixed,Sold
P0055,2025-07-14,Villa,Mumbai,2,3052,10,54045425,69102898,15057473,21.79,Karan,Corporate,Bank Transfer,Sold
P0056,2025-11-29,Apartment,Chennai,1,1754,1,13793944,17538559,3744615,21.35,Priya,Individual,Home Loan,Sold
P0057,2025-12-09,Villa,Navi Mumbai,5,1583,19,12586311,16917495,4331184,25.6,Priya,Investor,Mixed,Sold
P0058,2025-03-25,Penthouse,Hyderabad,2,4281,19,29389653,34314150,4924497,14.35,Karan,Individual,Home Loan,Sold
P0059,2025-10-31,Penthouse,Kolkata,4,3337,12,17713569,23378613,5665044,24.23,Sneha,Individual,Bank Transfer,Sold
P0060,2025-07-09,Studio,Pune,5,639,1,6199953,7736482,1536529,19.86,Priya,Family,Home Loan,Sold
P0061,2025-12-29,Row House,Chennai,1,2087,11,15629537,17812365,2182828,12.25,Amit,Corporate,Cash,Sold
P0062,2025-10-31,Studio,Bengaluru,3,625,15,5317235,6063746,746511,12.31,Karan,Family,Cash,Sold
P0063,2025-06-22,Apartment,Bengaluru,3,1149,14,9746881,11508135,1761254,15.3,Rahul,Corporate,Bank Transfer,Sold
P0064,2025-12-26,Villa,Chennai,2,2953,8,21517005,24251049,2734044,11.27,Karan,Individual,Cash,Sold
P0065,2025-09-01,Apartment,Navi Mumbai,4,1482,15,13778797,17995938,4217141,23.43,Pooja,Corporate,Home Loan,Sold
P0066,2025-08-31,Apartment,Bengaluru,2,1478,7,12330109,14846689,2516580,16.95,Neha,Corporate,Bank Transfer,Sold
P0067,2025-06-11,Penthouse,Chennai,2,3055,8,20969331,24467041,3497710,14.3,Priya,Investor,Cash,Sold
P0068,2025-04-10,Villa,Chennai,2,3914,16,28709976,31678330,2968354,9.37,Karan,Investor,Bank Transfer,Sold
P0069,2025-10-11,Villa,Bengaluru,1,3687,4,34125128,37702490,3577362,9.49,Karan,Investor,Mixed,Sold
P0070,2025-01-27,Apartment,Mumbai,3,1232,15,22237826,28338039,6100213,21.53,Karan,Corporate,Home Loan,Sold
P0071,2025-03-18,Apartment,Delhi,3,801,18,7538847,10324561,2785714,26.98,Karan,Individual,Cash,Sold
P0072,2025-09-25,Apartment,Ahmedabad,5,1502,19,7149647,8536898,1387251,16.25,Rohit,Corporate,Mixed,Sold
P0073,2025-02-20,Penthouse,Kolkata,3,3050,18,15834765,18944962,3110197,16.42,Sneha,Investor,Bank Transfer,Sold
P0074,2025-08-19,Apartment,Thane,2,1005,17,8601007,11937415,3336408,27.95,Pooja,Family,Home Loan,Sold
P0075,2025-05-16,Villa,Bengaluru,4,2658,14,18171350,23773583,5602233,23.56,Sneha,Corporate,Home Loan,Sold
P0076,2025-03-26,Studio,Navi Mumbai,4,426,8,4271988,5823576,1551588,26.64,Karan,Family,Mixed,Sold
P0077,2025-09-10,Apartment,Chennai,4,1272,12,9341219,11460357,2119138,18.49,Pooja,Individual,Home Loan,Sold
P0078,2025-10-22,Row House,Hyderabad,3,1712,0,12087255,13389177,1301922,9.72,Rahul,Family,Home Loan,Sold
P0079,2025-11-22,Villa,Chennai,3,3311,8,21791347,26216333,4424986,16.88,Pooja,Individual,Mixed,Sold
P0080,2025-12-22,Penthouse,Delhi,2,3115,3,37562910,47993741,10430831,21.73,Pooja,Family,Mixed,Sold
P0081,2025-07-26,Studio,Mumbai,3,395,10,6699156,9028208,2329052,25.8,Rahul,Corporate,Mixed,Sold
P0082,2025-01-27,Apartment,Navi Mumbai,3,1390,19,14234571,16969602,2735031,16.12,Sneha,Family,Cash,Sold
P0083,2025-05-03,Penthouse,Chennai,4,3785,3,25303528,30133859,4830331,16.03,Amit,Family,Home Loan,Sold
P0084,2025-03-20,Studio,Delhi,1,465,3,4892378,6590673,1698295,25.77,Pooja,Family,Bank Transfer,Sold
P0085,2025-11-03,Row House,Chennai,3,1699,14,10995149,13867333,2872184,20.71,Amit,Individual,Bank Transfer,Sold
P0086,2025-06-02,Row House,Hyderabad,5,2239,8,14892813,19247841,4355028,22.63,Pooja,Investor,Mixed,Sold
P0087,2025-06-14,Studio,Chennai,2,520,17,3418272,4317800,899528,20.83,Sneha,Investor,Mixed,Sold
P0088,2025-07-17,Villa,Delhi,1,2803,15,32990035,37738795,4748760,12.58,Amit,Corporate,Home Loan,Sold
P0089,2025-09-27,Villa,Ahmedabad,3,2859,3,15922062,19811983,3889921,19.63,Pooja,Individual,Cash,Sold
P0090,2025-11-29,Row House,Thane,1,2161,8,25179034,29566257,4387223,14.84,Priya,Family,Mixed,Sold
P0091,2025-12-17,Penthouse,Chennai,5,4016,1,28397421,37139924,8742503,23.54,Karan,Investor,Home Loan,Sold
P0092,2025-01-15,Row House,Pune,5,2497,3,25888517,30390570,4502053,14.81,Rahul,Family,Home Loan,Sold
P0093,2025-12-16,Penthouse,Hyderabad,2,3564,4,22326210,27967550,5641340,20.17,Amit,Investor,Cash,Sold
P0094,2025-10-26,Apartment,Kolkata,5,1433,19,7277303,8934065,1656762,18.54,Amit,Investor,Mixed,Sold
P0095,2025-05-28,Penthouse,Chennai,2,4531,0,36188386,44765550,8577164,19.16,Amit,Individual,Mixed,Sold
P0096,2025-06-04,Penthouse,Kolkata,2,4417,13,23510417,29140372,5629955,19.32,Sneha,Corporate,Mixed,Sold
P0097,2025-01-12,Apartment,Navi Mumbai,3,1385,18,13173624,15446354,2272730,14.71,Rohit,Family,Home Loan,Sold
P0098,2025-06-30,Studio,Mumbai,3,604,9,11916443,15603106,3686663,23.63,Sneha,Investor,Bank Transfer,Sold
P0099,2025-07-06,Villa,Pune,4,1661,9,15023352,20683658,5660306,27.37,Amit,Individual,Bank Transfer,Sold
P0100,2025-07-07,Penthouse,Delhi,2,2622,4,35009125,39490174,4481049,11.35,Karan,Investor,Bank Transfer,Sold
P0101,2025-02-08,Row House,Bengaluru,4,2982,10,26291506,32499456,6207950,19.1,Amit,Investor,Mixed,Sold
P0102,2025-07-08,Studio,Hyderabad,1,552,0,3342533,4495784,1153251,25.65,Karan,Corporate,Bank Transfer,Sold
P0103,2025-11-09,Apartment,Navi Mumbai,3,701,19,7261172,8783669,1522497,17.33,Sneha,Individual,Mixed,Sold
P0104,2025-09-10,Penthouse,Delhi,1,2372,1,29409522,37809740,8400218,22.22,Priya,Individual,Cash,Sold
P0105,2025-10-04,Studio,Thane,3,582,11,7182378,8339999,1157621,13.88,Rohit,Investor,Mixed,Sold
P0106,2025-08-16,Apartment,Chennai,3,1485,8,8970032,11348715,2378683,20.96,Pooja,Investor,Bank Transfer,Sold
P0107,2025-03-04,Apartment,Hyderabad,3,1384,1,8713688,11525073,2811385,24.39,Pooja,Individual,Cash,Sold
P0108,2025-04-16,Studio,Mumbai,1,520,7,12402078,14263036,1860958,13.05,Priya,Investor,Cash,Sold
P0109,2025-03-16,Villa,Hyderabad,5,2104,19,12061808,13658529,1596721,11.69,Amit,Family,Cash,Sold
P0110,2025-06-15,Apartment,Mumbai,2,680,11,13248846,17314068,4065222,23.48,Rahul,Investor,Bank Transfer,Sold
P0111,2025-08-18,Apartment,Thane,4,1512,16,13392411,18293744,4901333,26.79,Neha,Individual,Mixed,Sold
P0112,2025-01-16,Studio,Navi Mumbai,3,372,16,3564221,4231862,667641,15.78,Rahul,Corporate,Mixed,Sold
P0113,2025-11-08,Row House,Pune,3,2658,14,19876836,27030436,7153600,26.46,Amit,Individual,Cash,Sold
P0114,2025-11-02,Penthouse,Kolkata,4,4197,17,21253019,26822028,5569009,20.76,Karan,Corporate,Mixed,Sold
P0115,2025-07-31,Apartment,Pune,5,1779,6,18713347,21056107,2342760,11.13,Neha,Corporate,Mixed,Sold
P0116,2025-03-20,Row House,Pune,2,2074,10,19743015,24955867,5212852,20.89,Pooja,Individual,Home Loan,Sold
P0117,2025-10-28,Apartment,Pune,3,847,11,8599478,10414642,1815164,17.43,Neha,Individual,Mixed,Sold
P0118,2025-06-30,Penthouse,Delhi,5,4753,1,63469910,76095901,12625991,16.59,Priya,Investor,Cash,Sold
P0119,2025-05-23,Row House,Navi Mumbai,5,1421,11,15006611,18999640,3993029,21.02,Sneha,Corporate,Home Loan,Sold
P0120,2025-06-23,Studio,Bengaluru,1,442,8,3737231,4799278,1062047,22.13,Neha,Individual,Cash,Sold
P0121,2025-01-16,Villa,Kolkata,4,3141,2,16929556,20146974,3217418,15.97,Priya,Investor,Mixed,Sold
P0122,2025-10-18,Row House,Chennai,2,1522,11,9457609,12099812,2642203,21.84,Priya,Individual,Cash,Sold
P0123,2025-11-07,Villa,Kolkata,1,1834,8,9595661,11986145,2390484,19.94,Pooja,Corporate,Bank Transfer,Sold
P0124,2025-10-31,Villa,Ahmedabad,1,2913,13,13312406,15682662,2370256,15.11,Pooja,Family,Home Loan,Sold
P0125,2025-03-12,Villa,Delhi,3,1724,0,21251017,23622437,2371420,10.04,Karan,Family,Bank Transfer,Sold
P0126,2025-04-28,Apartment,Mumbai,3,1531,5,29134572,35478451,6343879,17.88,Neha,Individual,Mixed,Sold
P0127,2025-10-21,Apartment,Delhi,1,1591,2,20515730,24735800,4220070,17.06,Rohit,Corporate,Bank Transfer,Sold
P0128,2025-12-20,Apartment,Delhi,1,1315,5,16498722,19701289,3202567,16.26,Neha,Individual,Mixed,Sold
P0129,2025-06-23,Apartment,Navi Mumbai,3,1470,16,14054630,15873770,1819140,11.46,Sneha,Family,Cash,Sold
P0130,2025-06-28,Apartment,Ahmedabad,4,883,16,4519373,5065850,546477,10.79,Neha,Investor,Cash,Sold
P0131,2025-12-02,Apartment,Thane,2,1054,5,13546906,15671293,2124387,13.56,Priya,Investor,Mixed,Sold
P0132,2025-11-26,Row House,Kolkata,5,2386,14,13820393,15570710,1750317,11.24,Neha,Family,Cash,Sold
P0133,2025-01-29,Row House,Pune,3,2105,20,16497587,21364729,4867142,22.78,Neha,Individual,Bank Transfer,Sold
P0134,2025-02-16,Row House,Chennai,1,1316,11,8593090,11697982,3104892,26.54,Rohit,Corporate,Home Loan,Sold
P0135,2025-02-01,Row House,Kolkata,4,1585,10,8597141,10545278,1948137,18.47,Pooja,Individual,Bank Transfer,Sold
P0136,2025-08-13,Apartment,Ahmedabad,4,1003,1,4958076,6173103,1215027,19.68,Amit,Family,Bank Transfer,Sold
P0137,2025-11-20,Penthouse,Delhi,3,4972,10,50804619,69600189,18795570,27.01,Neha,Individual,Bank Transfer,Sold
P0138,2025-11-05,Apartment,Ahmedabad,4,1441,9,7323137,8304783,981646,11.82,Amit,Family,Home Loan,Sold
P0139,2025-11-01,Studio,Thane,2,508,20,5358159,6744302,1386143,20.55,Priya,Family,Mixed,Sold
P0140,2025-09-18,Penthouse,Thane,4,4678,16,47731106,56327424,8596318,15.26,Neha,Individual,Bank Transfer,Sold
P0141,2025-03-21,Penthouse,Thane,2,3199,15,36206746,39787828,3581082,9.0,Priya,Family,Home Loan,Sold
P0142,2025-11-13,Studio,Ahmedabad,5,619,1,3699791,4173413,473622,11.35,Amit,Corporate,Cash,Sold
P0143,2025-05-02,Villa,Thane,5,2178,14,20826429,26388727,5562298,21.08,Pooja,Family,Mixed,Sold
P0144,2025-12-14,Villa,Ahmedabad,2,2767,15,13163474,17392148,4228674,24.31,Pooja,Corporate,Bank Transfer,Sold
P0145,2025-03-12,Row House,Ahmedabad,3,2057,5,12088267,13858890,1770623,12.78,Karan,Individual,Mixed,Sold
P0146,2025-03-24,Penthouse,Ahmedabad,1,4713,16,22484908,29044192,6559284,22.58,Karan,Corporate,Cash,Sold
P0147,2025-08-01,Row House,Pune,2,2872,14,31293980,34895563,3601583,10.32,Rahul,Corporate,Bank Transfer,Sold
P0148,2025-11-29,Villa,Delhi,1,3035,7,33763426,37646391,3882965,10.31,Neha,Investor,Cash,Sold
P0149,2025-11-12,Apartment,Bengaluru,5,1617,4,14864109,18370463,3506354,19.09,Rahul,Individual,Home Loan,Sold
P0150,2025-08-05,Penthouse,Navi Mumbai,5,2412,17,26022991,31139631,5116640,16.43,Priya,Family,Cash,Sold
P0151,2025-02-02,Penthouse,Pune,1,2776,13,27122242,32352550,5230308,16.17,Priya,Corporate,Home Loan,Sold
P0152,2025-05-04,Studio,Kolkata,2,423,9,2286601,2732509,445908,16.32,Rohit,Investor,Home Loan,Sold
P0153,2025-10-11,Studio,Hyderabad,1,619,17,4174642,4598723,424081,9.22,Rahul,Corporate,Mixed,Sold
P0154,2025-05-04,Apartment,Delhi,2,1169,0,12155623,16587092,4431469,26.72,Priya,Family,Cash,Sold
P0155,2025-08-26,Apartment,Hyderabad,3,1343,20,7811885,8999483,1187598,13.2,Pooja,Investor,Cash,Sold
P0156,2025-01-22,Apartment,Chennai,1,1250,6,7383618,9742216,2358598,24.21,Neha,Family,Mixed,Sold
P0157,2025-01-25,Studio,Chennai,2,368,20,2064761,2620838,556077,21.22,Neha,Family,Home Loan,Sold
P0158,2025-04-06,Penthouse,Delhi,3,4844,14,54280891,68410153,14129262,20.65,Pooja,Corporate,Bank Transfer,Sold
P0159,2025-04-03,Studio,Bengaluru,5,392,13,2957584,3544283,586699,16.55,Karan,Family,Home Loan,Sold
P0160,2025-03-27,Apartment,Hyderabad,4,1255,9,8461349,9880645,1419296,14.36,Pooja,Family,Mixed,Sold
P0161,2025-01-30,Apartment,Hyderabad,3,1540,8,11097964,12750700,1652736,12.96,Priya,Corporate,Bank Transfer,Sold
P0162,2025-03-06,Studio,Thane,1,423,19,4534501,5645173,1110672,19.67,Priya,Investor,Bank Transfer,Sold
P0163,2025-07-09,Penthouse,Delhi,3,1932,19,17867433,22182197,4314764,19.45,Neha,Corporate,Home Loan,Sold
P0164,2025-02-28,Studio,Thane,3,537,12,5454859,7057186,1602327,22.7,Rahul,Investor,Mixed,Sold
P0165,2025-04-20,Studio,Delhi,3,410,8,5085699,5956775,871076,14.62,Karan,Corporate,Cash,Sold
P0166,2025-02-14,Apartment,Thane,5,801,14,8561951,10007655,1445704,14.45,Neha,Family,Home Loan,Sold
P0167,2025-11-23,Studio,Ahmedabad,2,503,5,2972098,3316365,344267,10.38,Amit,Family,Cash,Sold
P0168,2025-10-11,Apartment,Navi Mumbai,5,934,7,9267094,12782306,3515212,27.5,Neha,Corporate,Cash,Sold
P0169,2025-09-27,Studio,Pune,1,508,12,5506760,6428736,921976,14.34,Rohit,Corporate,Home Loan,Sold
P0170,2025-03-07,Villa,Hyderabad,4,1803,14,11163913,13642839,2478926,18.17,Amit,Investor,Mixed,Sold
P0171,2025-06-15,Studio,Mumbai,5,413,16,6568025,8742390,2174365,24.87,Sneha,Family,Bank Transfer,Sold
P0172,2025-10-01,Apartment,Bengaluru,2,1778,8,13202391,16979767,3777376,22.25,Priya,Investor,Cash,Sold
P0173,2025-01-15,Villa,Kolkata,4,3978,10,22997175,27805012,4807837,17.29,Priya,Individual,Bank Transfer,Sold
P0174,2025-11-25,Villa,Kolkata,3,1624,15,9027310,10960000,1932690,17.63,Karan,Corporate,Cash,Sold
P0175,2025-08-26,Row House,Bengaluru,3,1349,1,10993958,13760196,2766238,20.1,Sneha,Family,Cash,Sold
P0176,2025-10-15,Penthouse,Hyderabad,4,3214,12,18129636,22937217,4807581,20.96,Priya,Family,Cash,Sold
P0177,2025-07-16,Row House,Pune,2,2120,7,16992530,23289722,6297192,27.04,Rohit,Investor,Cash,Sold
P0178,2025-09-21,Penthouse,Kolkata,4,3080,6,17856355,21918502,4062147,18.53,Pooja,Corporate,Bank Transfer,Sold
P0179,2025-10-26,Row House,Mumbai,1,2005,16,34829010,45484213,10655203,23.43,Neha,Individual,Home Loan,Sold
P0180,2025-02-25,Penthouse,Chennai,3,4479,15,24645642,34156352,9510710,27.84,Rohit,Investor,Bank Transfer,Sold
P0181,2025-07-05,Penthouse,Delhi,2,1985,12,19602361,23710282,4107921,17.33,Karan,Individual,Mixed,Sold
P0182,2025-11-09,Studio,Chennai,5,631,8,4820156,5749124,928968,16.16,Priya,Investor,Home Loan,Sold
P0183,2025-04-12,Row House,Hyderabad,5,1894,17,13289996,15391856,2101860,13.66,Rohit,Individual,Home Loan,Sold
P0184,2025-09-21,Apartment,Thane,4,1332,15,13344414,17833005,4488591,25.17,Amit,Family,Bank Transfer,Sold
P0185,2025-09-30,Villa,Delhi,3,2725,18,28903699,32943382,4039683,12.26,Pooja,Family,Mixed,Sold
P0186,2025-12-19,Apartment,Hyderabad,2,874,13,5965073,6845521,880448,12.86,Rahul,Corporate,Bank Transfer,Sold
P0187,2025-11-14,Studio,Kolkata,2,376,18,1857084,2265831,408747,18.04,Rohit,Investor,Cash,Sold
P0188,2025-03-19,Apartment,Kolkata,4,875,6,4110209,5272193,1161984,22.04,Rohit,Investor,Mixed,Sold
P0189,2025-12-06,Studio,Kolkata,3,381,4,2164024,2618083,454059,17.34,Pooja,Corporate,Bank Transfer,Sold
P0190,2025-12-15,Villa,Chennai,3,2902,17,19126039,22068217,2942178,13.33,Karan,Corporate,Cash,Sold
P0191,2025-05-28,Villa,Bengaluru,3,2722,7,28371349,31293214,2921865,9.34,Sneha,Corporate,Bank Transfer,Sold
P0192,2025-10-06,Row House,Hyderabad,3,2828,8,17967008,21674141,3707133,17.1,Rohit,Corporate,Bank Transfer,Sold
P0193,2025-05-12,Villa,Bengaluru,1,2678,2,22752073,28296788,5544715,19.59,Pooja,Investor,Cash,Sold
P0194,2025-05-03,Studio,Bengaluru,3,489,4,4141423,4811305,669882,13.92,Sneha,Individual,Cash,Sold
P0195,2025-03-12,Villa,Mumbai,1,3192,10,59695363,80767255,21071892,26.09,Rahul,Investor,Mixed,Sold
P0196,2025-02-15,Row House,Chennai,4,1608,9,10985652,13035937,2050285,15.73,Sneha,Individual,Cash,Sold
P0197,2025-05-29,Row House,Thane,1,2912,12,32016177,42383123,10366946,24.46,Rahul,Individual,Bank Transfer,Sold
P0198,2025-09-26,Studio,Kolkata,1,521,9,2849044,3384269,535225,15.82,Pooja,Investor,Mixed,Sold
P0199,2025-05-12,Penthouse,Navi Mumbai,5,2261,10,21210904,26277340,5066436,19.28,Amit,Individual,Bank Transfer,Sold
P0200,2025-07-27,Penthouse,Kolkata,4,4901,6,27058370,30655213,3596843,11.73,Rohit,Family,Home Loan,Sold
